Workbook

Sheet SQL summary
A1: customer_segment | B1: total_customers | C1: pct_customers | D1: total_revenue | E1: pct_revenue | F1: avg_monetary_spend | G1: avg_recency_days | H1: avg_frequency
A2: At Risk | B2: 11087 | C2: 3.19 | D2: 18081601 | E2: 7.86 | F2: 1630.88 | G2: 19.3 | H2: 4
A3: Cannot Lose Them | B3: 1776 | C3: 0.51 | D3: 4751220.9 | E3: 2.07 | F3: 2675.24 | G3: 25.1 | H3: 5.4
A4: Champions | B4: 13955 | C4: 4.02 | D4: 48074696 | E4: 20.91 | F4: 3444.98 | G4: 3.5 | H4: 7.9
A5: General Customers | B5: 74039 | C5: 21.33 | D5: 27697930 | E5: 12.05 | F5: 374.1 | G5: 11.1 | H5: 1.3
A6: Hibernating | B6: 156045 | C6: 44.95 | D6: 54838165 | E6: 23.85 | F6: 351.43 | G6: 22.4 | H6: 1.2
A7: Loyal Customers | B7: 20491 | C7: 5.9 | D7: 34521352 | E7: 15.01 | F7: 1684.71 | G7: 8.1 | H7: 4.2
A8: New customers | B8: 50793 | C8: 14.63 | D8: 15585008 | E8: 6.78 | F8: 306.83 | G8: 4.1 | H8: 1
A9: Potential Loyalists | B9: 18584 | C9: 5.35 | D9: 11794972 | E9: 5.13 | F9: 634.68 | G9: 4 | H9: 2
A10: Wholesale Key Accounts | B10: 348 | C10: 0.1 | D10: 14588268 | E10: 6.34 | F10: 41920.31 | G10: 4.4 | H10: 32.8

Sheet Cross Check
A1: Segments | B1: Excel buyers | C1: SQL buyers | D1: Difference | E1: Excel revenue | F1: SQL revenue | G1: Revenue difference
A2: Wholesale Key Accounts | B2: ='Value per Segment'!B2 -> 348 | C2: =_xlfn.XLOOKUP('Cross Check'!A2,'SQL summary'!$A$2:$A$10,'SQL summary'!$B$2:$B$10) -> 348 | D2: =B2-C2 -> 0 | E2: ='Value per Segment'!C2 -> 14588268 | F2: =_xlfn.XLOOKUP(A2,'SQL summary'!$A$2:$A$10,'SQL summary'!$D$2:$D$10) -> 14588268 | G2: =ROUND(E2-F2,2) -> 0
A3: Champions | B3: ='Value per Segment'!B3 -> 13955 | C3: =_xlfn.XLOOKUP('Cross Check'!A3,'SQL summary'!$A$2:$A$10,'SQL summary'!$B$2:$B$10) -> 13955 | D3: =B3-C3 -> 0 | E3: ='Value per Segment'!C3 -> 48074696 | F3: =_xlfn.XLOOKUP(A3,'SQL summary'!$A$2:$A$10,'SQL summary'!$D$2:$D$10) -> 48074696 | G3: =ROUND(E3-F3,2) -> 0
A4: Cannot Lose Them | B4: ='Value per Segment'!B4 -> 1776 | C4: =_xlfn.XLOOKUP('Cross Check'!A4,'SQL summary'!$A$2:$A$10,'SQL summary'!$B$2:$B$10) -> 1776 | D4: =B4-C4 -> 0 | E4: ='Value per Segment'!C4 -> 4751220.9 | F4: =_xlfn.XLOOKUP(A4,'SQL summary'!$A$2:$A$10,'SQL summary'!$D$2:$D$10) -> 4751220.9 | G4: =ROUND(E4-F4,2) -> 0
A5: Loyal Customers | B5: ='Value per Segment'!B5 -> 20491 | C5: =_xlfn.XLOOKUP('Cross Check'!A5,'SQL summary'!$A$2:$A$10,'SQL summary'!$B$2:$B$10) -> 20491 | D5: =B5-C5 -> 0 | E5: ='Value per Segment'!C5 -> 34521352 | F5: =_xlfn.XLOOKUP(A5,'SQL summary'!$A$2:$A$10,'SQL summary'!$D$2:$D$10) -> 34521352 | G5: =ROUND(E5-F5,2) -> 0
A6: At Risk | B6: ='Value per Segment'!B6 -> 11087 | C6: =_xlfn.XLOOKUP('Cross Check'!A6,'SQL summary'!$A$2:$A$10,'SQL summary'!$B$2:$B$10) -> 11087 | D6: =B6-C6 -> 0 | E6: ='Value per Segment'!C6 -> 18081601 | F6: =_xlfn.XLOOKUP(A6,'SQL summary'!$A$2:$A$10,'SQL summary'!$D$2:$D$10) -> 18081601 | G6: =ROUND(E6-F6,2) -> 0
A7: Potential Loyalists | B7: ='Value per Segment'!B7 -> 18584 | C7: =_xlfn.XLOOKUP('Cross Check'!A7,'SQL summary'!$A$2:$A$10,'SQL summary'!$B$2:$B$10) -> 18584 | D7: =B7-C7 -> 0 | E7: ='Value per Segment'!C7 -> 11794972 | F7: =_xlfn.XLOOKUP(A7,'SQL summary'!$A$2:$A$10,'SQL summary'!$D$2:$D$10) -> 11794972 | G7: =ROUND(E7-F7,2) -> 0
A8: General Customers | B8: ='Value per Segment'!B8 -> 74039 | C8: =_xlfn.XLOOKUP('Cross Check'!A8,'SQL summary'!$A$2:$A$10,'SQL summary'!$B$2:$B$10) -> 74039 | D8: =B8-C8 -> 0 | E8: ='Value per Segment'!C8 -> 27697930 | F8: =_xlfn.XLOOKUP(A8,'SQL summary'!$A$2:$A$10,'SQL summary'!$D$2:$D$10) -> 27697930 | G8: =ROUND(E8-F8,2) -> 0
A9: Hibernating | B9: ='Value per Segment'!B9 -> 156045 | C9: =_xlfn.XLOOKUP('Cross Check'!A9,'SQL summary'!$A$2:$A$10,'SQL summary'!$B$2:$B$10) -> 156045 | D9: =B9-C9 -> 0 | E9: ='Value per Segment'!C9 -> 54838165 | F9: =_xlfn.XLOOKUP(A9,'SQL summary'!$A$2:$A$10,'SQL summary'!$D$2:$D$10) -> 54838165 | G9: =ROUND(E9-F9,2) -> 0
A10: New customers | B10: ='Value per Segment'!B10 -> 50793 | C10: =_xlfn.XLOOKUP('Cross Check'!A10,'SQL summary'!$A$2:$A$10,'SQL summary'!$B$2:$B$10) -> 50793 | D10: =B10-C10 -> 0 | E10: ='Value per Segment'!C10 -> 15585008 | F10: =_xlfn.XLOOKUP(A10,'SQL summary'!$A$2:$A$10,'SQL summary'!$D$2:$D$10) -> 15585008 | G10: =ROUND(E10-F10,2) -> 0
A12: STATUS CHECK: | B12: {=IF(AND(SUMPRODUCT(ABS(D2:D10))=0,SUMPRODUCT(ABS(G2:G10))<0.05),"All match","Check difference")} -> All match

Sheet Value per Segment
A1: Segment | B1: Buyers | C1: Revenue | D1: Purchase sessions | E1: Sum of recency days | F1: % of buyers | G1: % of revenue | H1: Avg spend per buyer | I1: Avg order value | J1: Avg recency (days) | K1: Value index
A2: Wholesale Key Accounts | B2: 348 | C2: 14588268 | D2: 11407 | E2: 1538 | F2: =B2/B$11 -> 0.0010025409 | G2: =C2/C$11 -> 0.063445675 | H2: =C2/B2 -> 41920.31 | I2: =C2/D2 -> 1278.8873 | J2: =E2/B2 -> 4.4195402 | K2: =G2/F2 -> 63.284873
A3: Champions | B3: 13955 | C3: 48074696 | D3: 110887 | E3: 48168 | F3: =B3/B$11 -> 0.040202467 | G3: =C3/C$11 -> 0.20908113 | H3: =C3/B3 -> 3444.98 | I3: =C3/D3 -> 433.54672 | J3: =E3/B3 -> 3.4516661 | K3: =G3/F3 -> 5.2007039
A4: Cannot Lose Them | B4: 1776 | C4: 4751220.9 | D4: 9674 | E4: 44509 | F4: =B4/B$11 -> 0.0051164157 | G4: =C4/C$11 -> 0.020663482 | H4: =C4/B4 -> 2675.237 | I4: =C4/D4 -> 491.13303 | J4: =E4/B4 -> 25.061374 | K4: =G4/F4 -> 4.0386637
A5: Loyal Customers | B5: 20491 | C5: 34521352 | D5: 85435 | E5: 166636 | F5: =B5/B$11 -> 0.059031799 | G5: =C5/C$11 -> 0.15013643 | H5: =C5/B5 -> 1684.708 | I5: =C5/D5 -> 404.06569 | J5: =E5/B5 -> 8.1321556 | K5: =G5/F5 -> 2.5433145
A6: At Risk | B6: 11087 | C6: 18081601 | D6: 44568 | E6: 214308 | F6: =B6/B$11 -> 0.031940147 | G6: =C6/C$11 -> 0.078638492 | H6: =C6/B6 -> 1630.8831 | I6: =C6/D6 -> 405.70816 | J6: =E6/B6 -> 19.329665 | K6: =G6/F6 -> 2.4620579
A7: Potential Loyalists | B7: 18584 | C7: 11794972 | D7: 37965 | E7: 73689 | F7: =B7/B$11 -> 0.05353799 | G7: =C7/C$11 -> 0.051297383 | H7: =C7/B7 -> 634.68425 | I7: =C7/D7 -> 310.68016 | J7: =E7/B7 -> 3.9651851 | K7: =G7/F7 -> 0.95814922
A8: General Customers | B8: 74039 | C8: 27697930 | D8: 96361 | E8: 820688 | F8: =B8/B$11 -> 0.21329634 | G8: =C8/C$11 -> 0.12046076 | H8: =C8/B8 -> 374.09919 | I8: =C8/D8 -> 287.43921 | J8: =E8/B8 -> 11.084537 | K8: =G8/F8 -> 0.56475775
A9: Hibernating | B9: 156045 | C9: 54838165 | D9: 182470 | E9: 3491869 | F9: =B9/B$11 -> 0.44954454 | G9: =C9/C$11 -> 0.23849606 | H9: =C9/B9 -> 351.42533 | I9: =C9/D9 -> 300.5325 | J9: =E9/B9 -> 22.377321 | K9: =G9/F9 -> 0.53052821
A10: New customers | B10: 50793 | C10: 15585008 | D10: 50793 | E10: 206367 | F10: =B10/B$11 -> 0.14632776 | G10: =C10/C$11 -> 0.067780585 | H10: =C10/B10 -> 306.83377 | I10: =C10/D10 -> 306.83377 | J10: =E10/B10 -> 4.0629024 | K10: =G10/F10 -> 0.4632107
A11: Grand Total | B11: 347118 | C11: 2.2993321e+08 | D11: 629560 | E11: 5067772 | F11: =B11/B$11 -> 1 | G11: =C11/C$11 -> 1 | H11: =C11/B11 -> 662.40648 | I11: =C11/D11 -> 365.22843 | J11: =E11/B11 -> 14.599566 | K11: =G11/F11 -> 1
A13: Never Purchased: 2,673,767 users (88.5% of 3,020,885 users), 0 revenue.
